Identifier	ORF_ID	Contig	Start	Stop	Orientation	Cut_Off	Pass_Bitscore	Best_Hit_Bitscore	Best_Hit_ARO	Best_Identities	ARO	Model_type	SNPs_in_Best_Hit_ARO	Other_SNPs	Drug Class	Resistance Mechanism	AMR Gene Family	Predicted_DNA	Predicted_Protein	CARD_Protein_Sequence	Percentage Length of Reference Sequence	ID	Model_ID	Nudged	Note	Hit_Start	Hit_End	Antibiotic
barcode06_TolC_contig_1870	44c58859-e9c5-4f95-a04c-a6e80230c612_4 # 1189 # 2715 # 1 # ID=23_4;partial=00;start_type=ATG;rbs_motif=AGGA;rbs_spacer=5-10bp;gc_cont=0.519	44c58859-e9c5-4f95-a04c-a6e80230c612_4	1189	2715	+	Strict	900	912.524	TolC	99.78	3000237	protein homolog model	n/a	n/a	macrolide antibiotic; fluoroquinolone antibiotic; aminoglycoside antibiotic; carbapenem; cephalosporin; glycylcycline; cephamycin; penam; tetracycline antibiotic; peptide antibiotic; aminocoumarin antibiotic; rifamycin antibiotic; phenicol antibiotic; penem; disinfecting agents and antiseptics	antibiotic efflux	ATP-binding cassette (ABC) antibiotic efflux pump; major facilitator superfamily (MFS) antibiotic efflux pump; resistance-nodulation-cell division (RND) antibiotic efflux pump	ATGAAGAAATTGCTCCCCATTCTTATCGGCCTGAGCCTTTCTGGGTTCAGTTCGTTGAGCCAGGCCGAGAACCTGATGCAAGTTTATCAGCAAGCACGCCTTAGTAACCCGGAATTGCGTAAGTCTGCCGCCGATCGTGATGCTGCCTTTGAAAAAATTAATGAAGCGCGCAGTCCATTACTGCCACAGCTAGGTTTAGGTGCAGATTACACCTATAGCAACGGCTACCGCGACGCGAACGGCATCAACTCTAACGCGACCAGTGCGTCCTTGCAGTTAACTCAATCCATTTTTGATATGTCGAAATGGCGTGCGTTAACGCTGCAGGAAAAAGCAGCAGGGATTCAGGACGTCACGTATCAGACCGATCAGCAAACCTTGATCCTCAACACCGCGACCGCTTATTTCAACGTGTTGAATGCTATTGACGTTCTTTCCTATACACAGGCACAAAAAGAAGCGATCTACCGTCAATTAGATCAAACCACCCAACGTTTTAACGTGGGCCTGGTAGCGATCACCGACGTGCAGAACGCCCGCGCACAGTACGATACCGTGCTGGCGAACGAAGTGACCGCACGTAATAACCTTGATAACGCGGTAGAGCAGCTGCGCCAGATCACCGGTAACTACTATCCGGAACTGGCTGCGCTGAATGTCGAAAACTTTAAAACCGACAAACCACAGCCGGTTAACGCGCTGCTGAAAGAAGCCGAAAAACGCAACCTGTCGCTGTTACAGGCACGCTTGAGCCAGGACCTGGCGCGCGAGCAAATTCGCCAGGCGCAGGATGGTCACTTACCGACTCTGGATTTAACGGCTTCTACCGGGATTTCTGACACCTCTTATAGCGGTTCGAAAACCCGTGGTGCCGCTGGTACCCAGTATGACGATAGCAATATGGGCCAGAACAAAGTTGGCCTGAGCTTCTCGCTGCCGATTTATCAGGGCGGAATGGTTAACTCGCAGGTGAAACAGGCACAGTACAACTTTGTCGGTGCCAGCGAGCAACTGGAAAGTGCCCATCGTAGCGTCGTGCAGACCGTGCGTTCCTCCTTCAACAACATTAATGCATCTATCAGTAGCATTAACGCCTACAAACAAGCCGTAGTTTCCGCTCAAAGCTCATTAGACGCGATGGAAGCGGGCTACTCGGTCGGTACGCGTACCATTGTTGATGTGTTGGATGCGACCACCACGTTGTACAACGCCAAGCAAGAGCTGGCGAATGCGCGTTATAACTACCTGATTAATCAGCTGAATATTAAGTCAGCCCTGGGTACGTTGAACGAGCAGGATCTGCTGGCACTGAACAATGCGCCGAGCAAACCGGTTTCCACTAATCCGGAAAACGTTGCCCCGCAAACGCGGAACAGAATGCTATTGCTGATGGTTATGCGCCTGATAGCCCGGCCCCCGTCGTTCAGCAAACATCCGCACGCACTACCACCAGTAACGGTCATAACCCTTTCCGTAACTGATGACGACGACGGGGCTTCGGCCCCGTCTGAACGTAAGGCAACGTAA	MKKLLPILIGLSLSGFSSLSQAENLMQVYQQARLSNPELRKSAADRDAAFEKINEARSPLLPQLGLGADYTYSNGYRDANGINSNATSASLQLTQSIFDMSKWRALTLQEKAAGIQDVTYQTDQQTLILNTATAYFNVLNAIDVLSYTQAQKEAIYRQLDQTTQRFNVGLVAITDVQNARAQYDTVLANEVTARNNLDNAVEQLRQITGNYYPELAALNVENFKTDKPQPVNALLKEAEKRNLSLLQARLSQDLAREQIRQAQDGHLPTLDLTASTGISDTSYSGSKTRGAAGTQYDDSNMGQNKVGLSFSLPIYQGGMVNSQVKQAQYNFVGASEQLESAHRSVVQTVRSSFNNINASISSINAYKQAVVSAQSSLDAMEAGYSVGTRTIVDVLDATTTLYNAKQELANARYNYLINQLNIKSALGTLNEQDLLALNNAPSKPVSTNPENVAPQTRNRMLLLMVMRLIARPPSFSKHPHALPPVTVITLSVTDDDDGASAPSERKAT	MQMKKLLPILIGLSLSGFSSLSQAENLMQVYQQARLSNPELRKSAADRDAAFEKINEARSPLLPQLGLGADYTYSNGYRDANGINSNATSASLQLTQSIFDMSKWRALTLQEKAAGIQDVTYQTDQQTLILNTATAYFNVLNAIDVLSYTQAQKEAIYRQLDQTTQRFNVGLVAITDVQNARAQYDTVLANEVTARNNLDNAVEQLRQITGNYYPELAALNVENFKTDKPQPVNALLKEAEKRNLSLLQARLSQDLAREQIRQAQDGHLPTLDLTASTGISDTSYSGSKTRGAAGTQYDDSNMGQNKVGLSFSLPIYQGGMVNSQVKQAQYNFVGASEQLESAHRSVVQTVRSSFNNINASISSINAYKQAVVSAQSSLDAMEAGYSVGTRTIVDVLDATTTLYNAKQELANARYNYLINQLNIKSALGTLNEQDLLALNNALSKPVSTNPENVAPQTPEQNAIADGYAPDSPAPVVQQTSARTTTSNGHNPFRN	102.63	gnl|BL_ORD_ID|4670|hsp_num:0	826			6	1374	erythromycin; cloxacillin; gentamicin C; tigecycline; ciprofloxacin; spectinomycin; streptomycin; tetracycline; tobramycin; oxacillin; ceftazidime; ertapenem; piperacillin; novobiocin; azithromycin; rifampin; imipenem; chloramphenicol; polymyxin B; polymyxin B1; polymyxin B2; polymyxin B3; polymyxin B4; ampicillin; nalidixic acid; norfloxacin; cefalotin; triclosan; ticarcillin; gentamicin
barcode06_TolC_contig_1870	a56223ed-df4e-438b-9d3a-6ae7a16c9757_8 # 3712 # 5118 # 1 # ID=32_8;partial=00;start_type=ATG;rbs_motif=GGA/GAG/AGG;rbs_spacer=5-10bp;gc_cont=0.514	a56223ed-df4e-438b-9d3a-6ae7a16c9757_8	3712	5118	+	Strict	900	941.028	TolC	99.57	3000237	protein homolog model	n/a	n/a	macrolide antibiotic; fluoroquinolone antibiotic; aminoglycoside antibiotic; carbapenem; cephalosporin; glycylcycline; cephamycin; penam; tetracycline antibiotic; peptide antibiotic; aminocoumarin antibiotic; rifamycin antibiotic; phenicol antibiotic; penem; disinfecting agents and antiseptics	antibiotic efflux	ATP-binding cassette (ABC) antibiotic efflux pump; major facilitator superfamily (MFS) antibiotic efflux pump; resistance-nodulation-cell division (RND) antibiotic efflux pump	ATGCAAGTTTATCAGCAAGCACGCCTTAGTAACCCGGAATTGCGTAAGTCTGCCGCCGATCGTGATGCTGCCTTTGAAAAAATTAATGAAGCGCGCAGTCCATTACTGCCACAGCTAGGTTTAGGTGCAGATTACACCTATAGCAACGGCTACCGCGACGCGAACGGCATCAACTCTAACGCGACCAGTGCGTCCCTGCAGTTAACTCAATCCATTTTTGATATGTCGAAATGGCGTGCGTTAACGCTGCAGGAAAAAGCTGCAGGGATTCAGGACGTCACATATCAGACCGATCAGCAAACCTTGATCCTCAACACCGCGACCGCTTATTTCAACGTGTTGAATGCTATTGACGTTCTTTCCTATACACAGGCACAAAAAGAAGCGATCTACCGTCAATTAGATCAAACCACCCAACGTTTTAACGTGGGCCTGGTAGCGATAACCGACGTGCAGAACGCCCGCGCGCAGTACGATACCGTGCTGGCGAACGAAGTGACCGCACGTAATAACCTTGATAACGCGGTAGAGCAGCTGCGCCAGATCACCGGTAACTACTATCCAGAACTGGCAGCGCTGAATGTCGAAAACTTTAAAACCGACAAACCACAGCCGGTTAACGCGCTGCTGAAAGAAGCCGAAAAACGCAACCTGTCGCTGTTACAGGCACGCTTGAGCCAGGACCTGGCGCGCGAGCAAATTCGCCAGGCGCAGGATGGTCACTTACCGACGCTGGATTTAACGGCTTCTACCGGGATTTCTGACACCTCTTATAGCGGTTCGAAAACTCGTGGTGCCGCTGGTACCAAGTATGACGACAGCAATATGGGCCAGAACAAAGTGGGCCTGAGCTTCTCGCTGCCGATTTATCAGGGCGGAATGGTTAACTCGCAGGTGAAACAGGCCCAGTACAACTTTGTTGGTGCCAGCGAGCAACTGGAAAGCGCGCATCGTAGCGTCGTGCAAACCGTACGTTCCTCCTTCAACAACATTAATGCATCTATCAGTAGCATTAACGCCTACAAACAAGCCGTAGTTTCCGCTCAAAGCTCATTAGACGCGATGGAAGCGGGCTACTCGGTCGGTACGCGTACCATTGTTGATGTGTTGGATGCGACCACCACGCTGTACAACGCTAAGCAAGAGCTGGCAAATGCGCGTTATAACTACCTGATTAATCAGCTGAATATTAAGTCAGCCCTGGGTACGTTGAACAGCCAGGATCTGCTGGCACTGAACAATGCGCTGAGCAAACCGGTTTCCACTAATCCGGAAAACGTTGCCCCGCAAACGCCGGAACAGAATGCTATTGCTGATGGTTATGCGCCTGATAGCCCGGCACCCGTCGTTCAGCAAACATCCGCACGCACTACCACCAGTAACGGTCATAACCCTTTCCGTAACTGA	MQVYQQARLSNPELRKSAADRDAAFEKINEARSPLLPQLGLGADYTYSNGYRDANGINSNATSASLQLTQSIFDMSKWRALTLQEKAAGIQDVTYQTDQQTLILNTATAYFNVLNAIDVLSYTQAQKEAIYRQLDQTTQRFNVGLVAITDVQNARAQYDTVLANEVTARNNLDNAVEQLRQITGNYYPELAALNVENFKTDKPQPVNALLKEAEKRNLSLLQARLSQDLAREQIRQAQDGHLPTLDLTASTGISDTSYSGSKTRGAAGTKYDDSNMGQNKVGLSFSLPIYQGGMVNSQVKQAQYNFVGASEQLESAHRSVVQTVRSSFNNINASISSINAYKQAVVSAQSSLDAMEAGYSVGTRTIVDVLDATTTLYNAKQELANARYNYLINQLNIKSALGTLNSQDLLALNNALSKPVSTNPENVAPQTPEQNAIADGYAPDSPAPVVQQTSARTTTSNGHNPFRN	MQMKKLLPILIGLSLSGFSSLSQAENLMQVYQQARLSNPELRKSAADRDAAFEKINEARSPLLPQLGLGADYTYSNGYRDANGINSNATSASLQLTQSIFDMSKWRALTLQEKAAGIQDVTYQTDQQTLILNTATAYFNVLNAIDVLSYTQAQKEAIYRQLDQTTQRFNVGLVAITDVQNARAQYDTVLANEVTARNNLDNAVEQLRQITGNYYPELAALNVENFKTDKPQPVNALLKEAEKRNLSLLQARLSQDLAREQIRQAQDGHLPTLDLTASTGISDTSYSGSKTRGAAGTQYDDSNMGQNKVGLSFSLPIYQGGMVNSQVKQAQYNFVGASEQLESAHRSVVQTVRSSFNNINASISSINAYKQAVVSAQSSLDAMEAGYSVGTRTIVDVLDATTTLYNAKQELANARYNYLINQLNIKSALGTLNEQDLLALNNALSKPVSTNPENVAPQTPEQNAIADGYAPDSPAPVVQQTSARTTTSNGHNPFRN	94.55	gnl|BL_ORD_ID|4670|hsp_num:0	826			81	1485	erythromycin; cloxacillin; gentamicin C; tigecycline; ciprofloxacin; spectinomycin; streptomycin; tetracycline; tobramycin; oxacillin; ceftazidime; ertapenem; piperacillin; novobiocin; azithromycin; rifampin; imipenem; chloramphenicol; polymyxin B; polymyxin B1; polymyxin B2; polymyxin B3; polymyxin B4; ampicillin; nalidixic acid; norfloxacin; cefalotin; triclosan; ticarcillin; gentamicin
barcode06_TolC_contig_1870	32c1517b-323a-4072-9d6e-9b9e11fcbb0c_10 # 6762 # 8243 # 1 # ID=35_10;partial=00;start_type=ATG;rbs_motif=AGGA;rbs_spacer=5-10bp;gc_cont=0.513	32c1517b-323a-4072-9d6e-9b9e11fcbb0c_10	6762	8243	+	Strict	900	991.875	TolC	99.8	3000237	protein homolog model	n/a	n/a	macrolide antibiotic; fluoroquinolone antibiotic; aminoglycoside antibiotic; carbapenem; cephalosporin; glycylcycline; cephamycin; penam; tetracycline antibiotic; peptide antibiotic; aminocoumarin antibiotic; rifamycin antibiotic; phenicol antibiotic; penem; disinfecting agents and antiseptics	antibiotic efflux	ATP-binding cassette (ABC) antibiotic efflux pump; major facilitator superfamily (MFS) antibiotic efflux pump; resistance-nodulation-cell division (RND) antibiotic efflux pump	ATGAAGAAATTGCTCCCCATTCTTATCGGCCTGAGCCTTTCTGGTTTCAGTTCGTTGAGCCAGGCCGAGAACCTGATGCAAGTTTATCAGCAAGCACGCCTTAGTAACCCGGAATTGCGTAAGTCTGCCGCCGATCGTGATGCTGCCTTTGAAAAAATTAATGAAGCGCGCAGTCCATTACTGCCACAGCTAGGTTTAGGTGCAGATTACACCTATAGCAACGGCTACCGCGACGCGAACGGCATCAACTCTAACGCGACCAGTGCGTCCCTGCAGTTAACTCAATCCATTTTTGATATGTCGAAATGGCGTGCGTTAACGCTGCAGGAAAAAGCAGCTGGGATTCAGGACGTCACGTATCAGACCGATCAACAAACCTTGATCCTCAACACCGCGACCGCTTATTTCAACGTGTTGAATGCTATTGACGTTCTTTCCTATACACAGGCGCAAAAAGAAGCGATCTACCGTCAATTAGATCAAACCACCCAACGTTTTAACGTGGGCCTGGTAGCGATCACTGACGTGCAGAACGCCCGCGCACAGTACGATACCGTGCTGGCGAACGAAGTGACCGCACGTAATAACCTTGATAACGCGGTAGAGCAGCTGCGCCAGATCACCGGTAACTACTATCCAGAACTGGCGGCGCTGAATGTCGAAAACTTTAAAACCGACAAACCACAGCCGGTTAACACGCTGCTGAAAGAAGCCGAAAAACGCAACCTGTCGCTGTTACAGGCGCGCTTGAGCCAGGACCTGGCGCGCGAGCAAATTCGCCAGGCGCAGGATGGTCACTTACCGACTCTGGATTTAACGGCTTCTACCGGGATTTCTGACACCTCTTATAGCGGTTCGAAAACCCGTGGTGCCGCTGGTACCCAGTATGACGACAGCAATATGGGCCAGAACAAAGTTGGCCTGAGCTTCTCGCTGCCGATTTATCAGGGCGGAATGGTTAACTCGCAGGTGAAACAGGCCCAGTACAACTTTGTTGGTGCCAGCGAGCAACTGGAAAGCGCGCATCGTAGCGTCGTGCAAACCGTACGTTCCTCCTTCAACAACATTAATGCTTCTATCAGTAGCATTAACGCCTACAAACAAGCCGTAGTTTCCGCTCAAAGCTCATTAGACGCGATGGAAGCGGGTTACTCGGTCGGTACGCGTACCATTGTTGATGTGTTGGATGCGACCACCACGCTGTACAACGCCAAGCAAGAGCTGGCGAATGCGCGTTATAACTACCTGATTAACCAGTTGAATATTAAATCAGCTCTGGGTACGTTGAACGAGCAGGATCTTCTGGCACTGAACAATGCGCTGAGCAAACCGGTTTCCACTAATCCGGAAAACGTTGCCCCGCAAACGCCGGAACAGAATGCTATTGCTGATGGTTATGCGCCTGATAGCCCGGCACCCGTCGTTCAGCAAACATCCGCACGCACTACCACCAGTAACGGTCATAACCCTTTCCGTAACTGA	MKKLLPILIGLSLSGFSSLSQAENLMQVYQQARLSNPELRKSAADRDAAFEKINEARSPLLPQLGLGADYTYSNGYRDANGINSNATSASLQLTQSIFDMSKWRALTLQEKAAGIQDVTYQTDQQTLILNTATAYFNVLNAIDVLSYTQAQKEAIYRQLDQTTQRFNVGLVAITDVQNARAQYDTVLANEVTARNNLDNAVEQLRQITGNYYPELAALNVENFKTDKPQPVNTLLKEAEKRNLSLLQARLSQDLAREQIRQAQDGHLPTLDLTASTGISDTSYSGSKTRGAAGTQYDDSNMGQNKVGLSFSLPIYQGGMVNSQVKQAQYNFVGASEQLESAHRSVVQTVRSSFNNINASISSINAYKQAVVSAQSSLDAMEAGYSVGTRTIVDVLDATTTLYNAKQELANARYNYLINQLNIKSALGTLNEQDLLALNNALSKPVSTNPENVAPQTPEQNAIADGYAPDSPAPVVQQTSARTTTSNGHNPFRN	MQMKKLLPILIGLSLSGFSSLSQAENLMQVYQQARLSNPELRKSAADRDAAFEKINEARSPLLPQLGLGADYTYSNGYRDANGINSNATSASLQLTQSIFDMSKWRALTLQEKAAGIQDVTYQTDQQTLILNTATAYFNVLNAIDVLSYTQAQKEAIYRQLDQTTQRFNVGLVAITDVQNARAQYDTVLANEVTARNNLDNAVEQLRQITGNYYPELAALNVENFKTDKPQPVNALLKEAEKRNLSLLQARLSQDLAREQIRQAQDGHLPTLDLTASTGISDTSYSGSKTRGAAGTQYDDSNMGQNKVGLSFSLPIYQGGMVNSQVKQAQYNFVGASEQLESAHRSVVQTVRSSFNNINASISSINAYKQAVVSAQSSLDAMEAGYSVGTRTIVDVLDATTTLYNAKQELANARYNYLINQLNIKSALGTLNEQDLLALNNALSKPVSTNPENVAPQTPEQNAIADGYAPDSPAPVVQQTSARTTTSNGHNPFRN	99.60	gnl|BL_ORD_ID|4670|hsp_num:0	826			6	1485	erythromycin; cloxacillin; gentamicin C; tigecycline; ciprofloxacin; spectinomycin; streptomycin; tetracycline; tobramycin; oxacillin; ceftazidime; ertapenem; piperacillin; novobiocin; azithromycin; rifampin; imipenem; chloramphenicol; polymyxin B; polymyxin B1; polymyxin B2; polymyxin B3; polymyxin B4; ampicillin; nalidixic acid; norfloxacin; cefalotin; triclosan; ticarcillin; gentamicin
barcode09_OXA-2_contig_12879	f3f49fe5-ec56-40d0-a46d-a75258a64d55_18 # 10452 # 11300 # 1 # ID=1_18;partial=00;start_type=ATG;rbs_motif=AGGA;rbs_spacer=5-10bp;gc_cont=0.508	f3f49fe5-ec56-40d0-a46d-a75258a64d55_18	10452	11300	+	Strict	500	508.834	OXA-2	100.0	3001397	protein homolog model	n/a	n/a	carbapenem; cephalosporin; penam	antibiotic inactivation	OXA beta-lactamase; OXA-2-like beta-lactamase	ATGGCAATCCGAATCTTCGCGATACTTTTCTCCATTTTTTCTCTTGCCACTTTCGCGCATGCGCAAGAAGGCACGCTAGAACGTTCTGACTGGAGGAAGTTTTTCAGCGAATTTCAAGCCAAAGGCACGATAGTTGTGGCAGACGAACGCCAAGCGGATCGTGCCATGTTGGTTTTTGATCCTGTGCGATCGAAGAAACGCTACTCGCCTGCATCGACATTCAAGATACCTCATACACTTTTTGCACTTGATGCAGGCGCTGTTCGTGATGAGTTCCAGATTTTTCGATGGGACGGCGTTAACAGGGGCTTTGCAGGCCACAATCAAGACCAAGATTTGCGATCAGCAATGCGGAATTCTACTGTTTGGGTGTATGAGCTATTTGCAAAGGAAATTGGTGATGACAAAGCTCGGCGCTATTTGAAGAAAATCGACTATGGCAACGCCGATCCTTCGACAAGTAATGGCGATTACTGGATAGAAGGCAGCCTTGCGATCTCGGCGCAGGAGCAAATTGCATTTCTCAGGAAGCTCTATCGTAACGAGCTGCCCTTTCGGGTAGAACATCAGCGCTTGGTCAAGGATCTCATGATTGTGGAAGCCGGTCGCAACTGGATACTGCGTGCAAAGACGGGCTGGGAAGGCCGTATGGGTTGGTGGGTAGGATGGGTTGAGTGGCCGACTGGCTCCGTATTCTTCGCACTGAATATTGATACGCCAAACAGAATGGATGATCTTTCAAGAGGGAGGCAATCGTGCGGGCAATCCTTCGCTCTATTGAAGCGTTACCGCCCAACCCGGCAGTCAACTCGGACGCTGCGCGATAAAACCGCGCAGCGCCGGCACTGA	MAIRIFAILFSIFSLATFAHAQEGTLERSDWRKFFSEFQAKGTIVVADERQADRAMLVFDPVRSKKRYSPASTFKIPHTLFALDAGAVRDEFQIFRWDGVNRGFAGHNQDQDLRSAMRNSTVWVYELFAKEIGDDKARRYLKKIDYGNADPSTSNGDYWIEGSLAISAQEQIAFLRKLYRNELPFRVEHQRLVKDLMIVEAGRNWILRAKTGWEGRMGWWVGWVEWPTGSVFFALNIDTPNRMDDLSRGRQSCGQSFALLKRYRPTRQSTRTLRDKTAQRRH	MAIRIFAILFSIFSLATFAHAQEGTLERSDWRKFFSEFQAKGTIVVADERQADRAMLVFDPVRSKKRYSPASTFKIPHTLFALDAGAVRDEFQIFRWDGVNRGFAGHNQDQDLRSAMRNSTVWVYELFAKEIGDDKARRYLKKIDYGNADPSTSNGDYWIEGSLAISAQEQIAFLRKLYRNELPFRVEHQRLVKDLMIVEAGRNWILRAKTGWEGRMGWWVGWVEWPTGSVFFALNIDTPNRMDDLFKREAIVRAILRSIEALPPNPAVNSDAAR	102.55	gnl|BL_ORD_ID|1022|hsp_num:0	1118			0	738	oxacillin; ceftazidime; amoxicillin; meropenem; ampicillin
barcode09_OXA-2_contig_12879	f3f49fe5-ec56-40d0-a46d-a75258a64d55_19 # 11412 # 11636 # 1 # ID=1_19;partial=01;start_type=ATG;rbs_motif=GGAG/GAGG;rbs_spacer=5-10bp;gc_cont=0.462	f3f49fe5-ec56-40d0-a46d-a75258a64d55_19	11412	11636	+	Strict	75	82.0333	qacJ	52.78	3007014	protein homolog model	n/a	n/a	disinfecting agents and antiseptics	antibiotic efflux	small multidrug resistance (SMR) antibiotic efflux pump	ATGAAAGGCTGGCTTTTTCTTGTTATCGCAATAGTTGGCGAAGTAATCGCAACATCCGCATTAAAATCTAGCGAGGGCTTTACTAAGCTTGCCCCTTCCGCCGTTGTCATAATCGGTTATGGCATCGCATTTTATTTTCTTTCTCTGGTTCTGAAATCCATCCCTGTCGGTGTTGCTTATGCCGTCTGGTCGGGACTCGGCGTCGTCATAATTACAGCCATTGCA	MKGWLFLVIAIVGEVIATSALKSSEGFTKLAPSAVVIIGYGIAFYFLSLVLKSIPVGVAYAVWSGLGVVIITAIA	MPYLYLVIAIITEIIGTSFLKTAEGFTKLWPTLGTLISFGICFYFLSVTMKYLPLNVSYATWAGLGLVLTTIVSVVIFKESVNLISIFSIILIIIGVVLLNVFGSSH	70.09	gnl|BL_ORD_ID|4654|hsp_num:0	5730			6	222	benzalkonium chloride
barcode09_OXA-2_contig_12879	7697abb0-6f55-4ade-86f9-71728ee3223e_1 # 3 # 224 # -1 # ID=2_1;partial=10;start_type=ATG;rbs_motif=GGAG/GAGG;rbs_spacer=5-10bp;gc_cont=0.450	7697abb0-6f55-4ade-86f9-71728ee3223e_1	3	224	-	Strict	75	81.2629	qacJ	55.07	3007014	protein homolog model	n/a	n/a	disinfecting agents and antiseptics	antibiotic efflux	small multidrug resistance (SMR) antibiotic efflux pump	ATGAAAGGCTGGCTTTTTCTTGTTATCGCAATAGTTGGCGAAGTAATCGCAACATCCGCATTAAAATCTAGCGAGGGCTTTACTAAGCTTGCCCCTTCCGCCGTTGTCATAATCGGTTATGGCATCGCATTTTATTTTCTTTCTCTGGTTCTGAAATCCATCCCTGTCGGTGTTGCTTATGCAGTCTGGTCGGGACTCGGCGTCGTCATAATTACAGCCATT	MKGWLFLVIAIVGEVIATSALKSSEGFTKLAPSAVVIIGYGIAFYFLSLVLKSIPVGVAYAVWSGLGVVIITAI	MPYLYLVIAIITEIIGTSFLKTAEGFTKLWPTLGTLISFGICFYFLSVTMKYLPLNVSYATWAGLGLVLTTIVSVVIFKESVNLISIFSIILIIIGVVLLNVFGSSH	69.16	gnl|BL_ORD_ID|4654|hsp_num:0	5730			6	213	benzalkonium chloride
barcode09_OXA-2_contig_12879	7697abb0-6f55-4ade-86f9-71728ee3223e_2 # 360 # 1187 # -1 # ID=2_2;partial=00;start_type=ATG;rbs_motif=AGGA;rbs_spacer=5-10bp;gc_cont=0.502	7697abb0-6f55-4ade-86f9-71728ee3223e_2	360	1187	-	Strict	500	540.806	OXA-2	96.73	3001397	protein homolog model	n/a	n/a	carbapenem; cephalosporin; penam	antibiotic inactivation	OXA beta-lactamase; OXA-2-like beta-lactamase	ATGGCAATCCGAATCTTCGCGATACTTTTCTCCATTTTTTCTCTTGCCACTTTCGCGCATGCGCAAGAAGGCACGCTAGAACGTTCTGACTGGAGGAAGTTTTTCAGCGAATTTCAAGCCAAAGGCACGATAGTTGTGGCAGACGAACGCCAAGCGGATCGTGCCATGTTGGTTTTTGATCCTGTGCGATCGAAGAAACGCTACTCGCCTGCATCGACATTCAAGATACCTCAGCACCTTTGCACTCGACGTACAGGCGCTGTTCGTGATGAGTTCCAGATTTTTCGATGGGACGGCGTTAACAGGGGCTTTGCAGGCCACAATCAAGACCAAGATTTGCGATCAGCAATGCGGAATTCTACTGTTTGGGTGTATGAGCTATTTGCAAAGGAAATTGGTGATAACAAAGCTCGGCGCTATTTGAAGAAAATCGACTATGGCAACGCCGATCCTTCGACAAGTAATGGCGATTACTGGATAGAAGGCAGCCTTGCAATCTCGGCGCAGGAGCAAATTGCATTTCTCAGGAAGCTCTATCGTAACGAGCTGCCCTTTCGGGTAGAACATCAGCGCTTGGTCAAGGATCTCATGATTGTGGAAGCCGGTCGCAACTGGATACTGCGTGCAAAGACGGGCTGGGAAGGCCGTATGGGTTGGTGGGTAGGATGGGTTGAGTGGCCGACTGGCTCCGTATTCTTCGCACTGAATATTGATACGCCAAACAGAATGGATGATCTTTTCAAGAGGGAGGCAATCGTGCGGGCAATCCTTCGCTCTATTGAAGCGTTACCGCCCAACCCGGCAGTCAACTGGGACGCTGCGCGATAA	MAIRIFAILFSIFSLATFAHAQEGTLERSDWRKFFSEFQAKGTIVVADERQADRAMLVFDPVRSKKRYSPASTFKIPQHLCTRRTGAVRDEFQIFRWDGVNRGFAGHNQDQDLRSAMRNSTVWVYELFAKEIGDNKARRYLKKIDYGNADPSTSNGDYWIEGSLAISAQEQIAFLRKLYRNELPFRVEHQRLVKDLMIVEAGRNWILRAKTGWEGRMGWWVGWVEWPTGSVFFALNIDTPNRMDDLFKREAIVRAILRSIEALPPNPAVNWDAAR	MAIRIFAILFSIFSLATFAHAQEGTLERSDWRKFFSEFQAKGTIVVADERQADRAMLVFDPVRSKKRYSPASTFKIPHTLFALDAGAVRDEFQIFRWDGVNRGFAGHNQDQDLRSAMRNSTVWVYELFAKEIGDDKARRYLKKIDYGNADPSTSNGDYWIEGSLAISAQEQIAFLRKLYRNELPFRVEHQRLVKDLMIVEAGRNWILRAKTGWEGRMGWWVGWVEWPTGSVFFALNIDTPNRMDDLFKREAIVRAILRSIEALPPNPAVNSDAAR	100.00	gnl|BL_ORD_ID|1022|hsp_num:0	1118			0	825	oxacillin; ceftazidime; amoxicillin; meropenem; ampicillin
barcode09_OXA-2_contig_12879	7697abb0-6f55-4ade-86f9-71728ee3223e_4 # 2092 # 2919 # -1 # ID=2_4;partial=00;start_type=ATG;rbs_motif=AGGA;rbs_spacer=5-10bp;gc_cont=0.496	7697abb0-6f55-4ade-86f9-71728ee3223e_4	2092	2919	-	Strict	500	558.14	OXA-2	99.27	3001397	protein homolog model	n/a	n/a	carbapenem; cephalosporin; penam	antibiotic inactivation	OXA beta-lactamase; OXA-2-like beta-lactamase	ATGGCAATCCGAATCTTCGCGATACTTTTCTCCATTTTTTCTCTTGCCACTTTCGCGCATGCGCAAGAAGGCACGCTAGAACGTTCTGACTGGAGGAAGTTTTTCAGCGAATTTCAAGCCAAAGGCACGATAGTTGTGGCAGACGAACGCCAAGCGGATCGTGCCATGTTGGTTTTTGATCCTGTGCGATCGAATAAATGCTACTCGCCTGCATCGACATTCAAGATACCTCATACACTTTTTGCACTTGATGCAGGCGCTGTTCGTGATGAGTTCCAGATTTTTCGATGGGACGGCGTTAACAGGGGCTTTGCAGGCCACAATCAAGACCAAGATTTGCGATCAGCAATGCGGAATTCTACTGTTTGGGTGTATGAGCTATTTGCAAAGGAAATTGGTGATGACAAAGCTCGGCGCTATTTGAAGAAAATCGACTATGGCAACGCCGATCCTTCGACAAGTAATGGCGATTACTGGATAGAAGGCAGCCTTGCAATCTCGGCGCAGGAGCAAATTGCATTTCTCAGGAAGCTCTATCGTAACGAGCTGCCCTTTCGGGTAGAACATCAGCGCTTGGTCAAGGATCTCATGATTGTGGAAGCCGGTCGCAACTGGATACTGCGTGCAAAGACGGGCTGGGAAGGCCGTATGGGTTGGTGGGTAGGATGGGTTGAGTGGCCGACTGGCTCCGTATTCTTCGCACTGAATATTGATACGCCAAACAGAATGGATGATCTTTTCAAGAGGGAGGCAATCGTGCGGGCAATCCTTCGCTCTATTGAAGCGTTACCGCCCAACCCGGCAGTCAACTCGGACGCTGCGCGATAA	MAIRIFAILFSIFSLATFAHAQEGTLERSDWRKFFSEFQAKGTIVVADERQADRAMLVFDPVRSNKCYSPASTFKIPHTLFALDAGAVRDEFQIFRWDGVNRGFAGHNQDQDLRSAMRNSTVWVYELFAKEIGDDKARRYLKKIDYGNADPSTSNGDYWIEGSLAISAQEQIAFLRKLYRNELPFRVEHQRLVKDLMIVEAGRNWILRAKTGWEGRMGWWVGWVEWPTGSVFFALNIDTPNRMDDLFKREAIVRAILRSIEALPPNPAVNSDAAR	MAIRIFAILFSIFSLATFAHAQEGTLERSDWRKFFSEFQAKGTIVVADERQADRAMLVFDPVRSKKRYSPASTFKIPHTLFALDAGAVRDEFQIFRWDGVNRGFAGHNQDQDLRSAMRNSTVWVYELFAKEIGDDKARRYLKKIDYGNADPSTSNGDYWIEGSLAISAQEQIAFLRKLYRNELPFRVEHQRLVKDLMIVEAGRNWILRAKTGWEGRMGWWVGWVEWPTGSVFFALNIDTPNRMDDLFKREAIVRAILRSIEALPPNPAVNSDAAR	100.00	gnl|BL_ORD_ID|1022|hsp_num:0	1118			0	825	oxacillin; ceftazidime; amoxicillin; meropenem; ampicillin
barcode09_OXA-2_contig_12879	ae7ba445-6508-4ec0-8755-8174f3415636_2 # 282 # 1190 # -1 # ID=5_2;partial=00;start_type=ATG;rbs_motif=None;rbs_spacer=None;gc_cont=0.496	ae7ba445-6508-4ec0-8755-8174f3415636_2	282	1190	-	Strict	475	496.508	OXA-838	99.59	3005316	protein homolog model	n/a	n/a	cephalosporin; penam	antibiotic inactivation	OXA beta-lactamase; OXA-2-like beta-lactamase	ATGCCTCGGGCATCCAAGCAGCAAGCGCGTTACGCCGTGGGTCGATGTTTGATGTTATGGAGCAGCAACGATGTTACGCAGCAGGGCAGTCGCCCTAAAACAAAGTTGGGCATTAAGGAAAAGTTAATGGACCGAATCTTCGCGATACTTTTCTCCATTTTTTCTCTTGCCACTTTCGCGCATGCGCAAGAAGGCACGCTAGAACGTTCTGACTGGAGGAAGTTTTTCAGCGAATTTCAAGCCAAAGGCACGATAGTTGTGGCAGACGAACGCCAAGCGGATCGTGCCATGTTGGTTTTTGATCCTGTGCGATCGAAGAAACGCTACTCGCCTGCATCGACATTCAAGATACCTCATACACTTTTTGCACTTGATGCAGGCGCTGTTCGTGATGAGTTCCAGATTTTTCGATGGGACGGCGTTAACAGGGGCTTTGCAGGCCACAATCAAGACCAAGATTTGCGATCAGCAATGCGGAATTCTACTGTTTGGGTGTATGAGCTATTTGCAAAGGAAATTGGTGATGACAAAGCTCGGCGCTATTTGAAGAAAATCGACTATGGCAACGCCGATCCTTCGACAAGTAATGGCGATTACTGGATAGAAGGCAGCCTTGCAATCTCGGCGCAGGAGCAAATTGCATTTCTCAGGAAGCTCTATCGTAACGAGCTGCCCTTTCGGGTAGAACATCAGCGCTTGGTCAAGGATCTCATGATTGTGGAAGCCGGTCGCAACTGGATACTGCGTGCAAAGACGGGCTGGGAAGGCCGTATGGGTTGGTGGGTAGGATGGGTTGAGTGGCCCACTGGCTCCGTATTCTTCGCACTGAATATTGATACGCCAAACAGAATGGATGGTAAATCTTTTGAAGAGGGAGGCAATCGTGCGGGCAATCCTTCGCTCTATTGA	MPRASKQQARYAVGRCLMLWSSNDVTQQGSRPKTKLGIKEKLMDRIFAILFSIFSLATFAHAQEGTLERSDWRKFFSEFQAKGTIVVADERQADRAMLVFDPVRSKKRYSPASTFKIPHTLFALDAGAVRDEFQIFRWDGVNRGFAGHNQDQDLRSAMRNSTVWVYELFAKEIGDDKARRYLKKIDYGNADPSTSNGDYWIEGSLAISAQEQIAFLRKLYRNELPFRVEHQRLVKDLMIVEAGRNWILRAKTGWEGRMGWWVGWVEWPTGSVFFALNIDTPNRMDGKSFEEGGNRAGNPSLY	MAIRIFAILFSIFSLATFAHAQEGTLERSDWRKFFSEFQAKGTIVVADERQADRAMLVFDPVRSKKRYSPASTFKIPHTLFALDAGAVRDEFQIFRWDGVNRGFAGHNQDQDLRSAMRNSTVWVYELFAKEIGDDKARRYLKKIDYGKADPSTSNGDYWIEGSLAISAQEQIAFLRKLYRNELPFRVEHQRLVKDLMIVEAGRNWILRAKTGWEGRMGWWVGWVEWPTGSVFFALNIDTPNRMDDLFKREAIVRAILRSIEALPPNPAVNSDAAR	109.82	gnl|BL_ORD_ID|3014|hsp_num:0	4048			9	732	oxacillin
barcode09_OXA-2_contig_12879	a76fc702-ba9f-5001-a41d-f9df98cc400f_5 # 1770 # 2855 # -1 # ID=7_5;partial=00;start_type=ATG;rbs_motif=None;rbs_spacer=None;gc_cont=0.507	a76fc702-ba9f-5001-a41d-f9df98cc400f_5	1770	2855	-	Strict	500	541.576	OXA-2	97.78	3001397	protein homolog model	n/a	n/a	carbapenem; cephalosporin; penam	antibiotic inactivation	OXA beta-lactamase; OXA-2-like beta-lactamase	ATGCGCTCACGCAACTGGTCCAGAACCTTGACCGAACGCAGCGGTGGTAACGGCGCAGTGGCGGTTTTCACGGCTCGTTATGACTGTTTTTTTGTACAGTCTATGCCTCGGGCATCCAAGCAGCAAGCGCGTTACGCCGTGGGTCGATGTTTGATGTTATGGAGCAGCAACGATGTTACGCAGCAGGGCAGTTGCCCTAAAACAAAGTTGGGCATTAAGGAAAAGTTAATGGCAATCCTGATCTTTGCGATACTTTTCTCCATTTTTTCTCTTGCCACTTTCGCGCATGCGCAAGAAGGCACGCTAGAACGTTCTGACTGGAGGAAGTTTTTCAGCGAATTTCAAGCCAAAGGCACGATAGTTGTGGCAGACGAACGCCAAGCGGATCGTGCCATGTTGGTTTTTGATCCTGTGCGATCGAAGAAACGCTACTCGCCTGCATCGACATTCAAGATACCTCATACACTTTTTGCACTTGATGCAGGCGCTGTTCGTGATGAGTTCCAGATTTTTCGATGGGACGGCGTTAACAGGGGCTTTGCAGGCCACAATCAAGACCAAGATTTGCGATCAGCAATGCGGAATTCTACTGTTTGGGTGTATGAGCTATTTGCAAAGGAAATTGGTGATGACAAAGCTCGGCGCTATTTGAAGAAAATCGACTATGGCAACGCCGATCCTTCGACAAGTAATGGCGATTACTGGATAGAAGGCAGCCTTGCAATCTCGGCGCAGGAGCAAATTGCATTTCTCAGGAAGCTCTATCGTAACGAGCTGCCCTTTCGGGTAGAACATCAGCGCTTGGTCAAGGATCTCATGATTGTGGAAGCCGGTCGCAACTGGATACTGCGTGCAAAGACGGGCTGGGAAGGCCGTATGGGTTGGTGGGTAGGATGGGTTGAGTGGCCGACTGGCTCCGGATCCTTCGCACTGAATATTGATACGCCAAACAGAATGGATGATCTTTTCAAGAGGGAGGCAATCGGCGCGGGAATCCTTCGCTCTATTGAAGCGTTACCGCCCAACCCGGCAGTCAACTGGACGCTGCGCGATAAAACCGCGCAGCGCCGGTTACTTCAACGTTAA	MRSRNWSRTLTERSGGNGAVAVFTARYDCFFVQSMPRASKQQARYAVGRCLMLWSSNDVTQQGSCPKTKLGIKEKLMAILIFAILFSIFSLATFAHAQEGTLERSDWRKFFSEFQAKGTIVVADERQADRAMLVFDPVRSKKRYSPASTFKIPHTLFALDAGAVRDEFQIFRWDGVNRGFAGHNQDQDLRSAMRNSTVWVYELFAKEIGDDKARRYLKKIDYGNADPSTSNGDYWIEGSLAISAQEQIAFLRKLYRNELPFRVEHQRLVKDLMIVEAGRNWILRAKTGWEGRMGWWVGWVEWPTGSGSFALNIDTPNRMDDLFKREAIGAGILRSIEALPPNPAVNWTLRDKTAQRRLLQR	MAIRIFAILFSIFSLATFAHAQEGTLERSDWRKFFSEFQAKGTIVVADERQADRAMLVFDPVRSKKRYSPASTFKIPHTLFALDAGAVRDEFQIFRWDGVNRGFAGHNQDQDLRSAMRNSTVWVYELFAKEIGDDKARRYLKKIDYGNADPSTSNGDYWIEGSLAISAQEQIAFLRKLYRNELPFRVEHQRLVKDLMIVEAGRNWILRAKTGWEGRMGWWVGWVEWPTGSVFFALNIDTPNRMDDLFKREAIVRAILRSIEALPPNPAVNSDAAR	131.27	gnl|BL_ORD_ID|1022|hsp_num:0	1118			0	810	oxacillin; ceftazidime; amoxicillin; meropenem; ampicillin
